{"w1": [[0.18497650055380158, -0.9499784895546661, 0.021585719960452887, -0.5535785237023545, 0.10600561101207158, 0.4294070328739517, 1.0417007402504876, -0.8261223347411677], [-0.05432644796615623, -0.9404055611238593, -0.5407944413141698, 0.010710576206724776, -0.7658041975076, -0.4477059026793102, 0.30919425267934897, 0.08988296120643335], [-0.5798567785095089, 0.17853136775181744, 0.5777663594154752, -0.987002480643878, 0.7776088125536441, 0.4524222925872555, -0.25188763980361994, -0.6890410003764369]], "b1": [-0.0876102749425644, 0.0, 0.0162881973401198, 0.0, 0.021531004890119863, 0.1631273395252492, -0.008265600108796494, 0.0], "w2": [[0.8947972669695895], [-0.32681090977474647], [-0.603644555515498], [-0.806567246333072], [0.42655828897778747], [0.1494299005666859], [0.8685197296810316], [0.45946357338763577]], "b2": [-0.005144463437713874]}